{
  "0":{
    "frame":0,
    "object":1,
    "xmin":0.1381930411,
    "ymin":0.2630831897,
    "xmax":0.4924221933,
    "ymax":0.7570334673,
    "confidence":0.9143660665,
    "class":2.0
  },
  "1":{
    "frame":0,
    "object":2,
    "xmin":0.5277468562,
    "ymin":0.2418470234,
    "xmax":0.8197698593,
    "ymax":0.4953800142,
    "confidence":0.9071985483,
    "class":2.0
  },
  "2":{
    "frame":0,
    "object":3,
    "xmin":0.4555425644,
    "ymin":0.194287315,
    "xmax":0.5963222384,
    "ymax":0.3128768802,
    "confidence":0.8808611631,
    "class":2.0
  },
  "3":{
    "frame":0,
    "object":4,
    "xmin":0.4189597666,
    "ymin":0.1666624844,
    "xmax":0.4992564619,
    "ymax":0.2448302954,
    "confidence":0.7713485956,
    "class":2.0
  },
  "4":{
    "frame":20,
    "object":1,
    "xmin":0.1387683153,
    "ymin":0.272092849,
    "xmax":0.4929792285,
    "ymax":0.7566341758,
    "confidence":0.9282653332,
    "class":2.0
  },
  "5":{
    "frame":20,
    "object":2,
    "xmin":0.5284661651,
    "ymin":0.2421476543,
    "xmax":0.8205238581,
    "ymax":0.4954269528,
    "confidence":0.9097315669,
    "class":2.0
  },
  "6":{
    "frame":20,
    "object":3,
    "xmin":0.4555706978,
    "ymin":0.1940447986,
    "xmax":0.596734345,
    "ymax":0.3138008118,
    "confidence":0.8776662946,
    "class":2.0
  },
  "7":{
    "frame":20,
    "object":4,
    "xmin":0.4195559621,
    "ymin":0.166928798,
    "xmax":0.4994407594,
    "ymax":0.2450110763,
    "confidence":0.7395715714,
    "class":2.0
  },
  "8":{
    "frame":40,
    "object":1,
    "xmin":0.137974903,
    "ymin":0.2727049589,
    "xmax":0.4936989844,
    "ymax":0.7562545538,
    "confidence":0.9275898337,
    "class":2.0
  },
  "9":{
    "frame":40,
    "object":2,
    "xmin":0.5286837816,
    "ymin":0.2420244664,
    "xmax":0.8213204145,
    "ymax":0.4970023334,
    "confidence":0.9140712023,
    "class":2.0
  },
  "10":{
    "frame":40,
    "object":3,
    "xmin":0.4555041194,
    "ymin":0.19383201,
    "xmax":0.5968515277,
    "ymax":0.3129163384,
    "confidence":0.8769815564,
    "class":2.0
  },
  "11":{
    "frame":40,
    "object":4,
    "xmin":0.4195366502,
    "ymin":0.1669520885,
    "xmax":0.4989703596,
    "ymax":0.2446798086,
    "confidence":0.7319861054,
    "class":2.0
  },
  "12":{
    "frame":60,
    "object":1,
    "xmin":0.1383016557,
    "ymin":0.271953702,
    "xmax":0.4936457276,
    "ymax":0.7566719055,
    "confidence":0.925168097,
    "class":2.0
  },
  "13":{
    "frame":60,
    "object":2,
    "xmin":0.5290204287,
    "ymin":0.2420709431,
    "xmax":0.8216465116,
    "ymax":0.4953802228,
    "confidence":0.9147113562,
    "class":2.0
  },
  "14":{
    "frame":60,
    "object":3,
    "xmin":0.4559628367,
    "ymin":0.1938951761,
    "xmax":0.5967186093,
    "ymax":0.3138163388,
    "confidence":0.8802756071,
    "class":2.0
  },
  "15":{
    "frame":60,
    "object":4,
    "xmin":0.4199685156,
    "ymin":0.1669978648,
    "xmax":0.4992540479,
    "ymax":0.2440475821,
    "confidence":0.7300844193,
    "class":2.0
  },
  "16":{
    "frame":80,
    "object":1,
    "xmin":0.1387037337,
    "ymin":0.2742708921,
    "xmax":0.4933951795,
    "ymax":0.7564563155,
    "confidence":0.9264615178,
    "class":2.0
  },
  "17":{
    "frame":80,
    "object":2,
    "xmin":0.5291451216,
    "ymin":0.2426733822,
    "xmax":0.8216864467,
    "ymax":0.4956350625,
    "confidence":0.9155087471,
    "class":2.0
  },
  "18":{
    "frame":80,
    "object":3,
    "xmin":0.4559748173,
    "ymin":0.1944506764,
    "xmax":0.5961427093,
    "ymax":0.3154360354,
    "confidence":0.8837316036,
    "class":2.0
  },
  "19":{
    "frame":100,
    "object":1,
    "xmin":0.1384098679,
    "ymin":0.2754469514,
    "xmax":0.4932456613,
    "ymax":0.7562991381,
    "confidence":0.9282909632,
    "class":2.0
  },
  "20":{
    "frame":100,
    "object":2,
    "xmin":0.5290744901,
    "ymin":0.2425721288,
    "xmax":0.821254909,
    "ymax":0.4976349771,
    "confidence":0.9162045121,
    "class":2.0
  },
  "21":{
    "frame":100,
    "object":3,
    "xmin":0.4558600783,
    "ymin":0.1947592348,
    "xmax":0.5962871313,
    "ymax":0.3141246736,
    "confidence":0.878390491,
    "class":2.0
  },
  "22":{
    "frame":100,
    "object":4,
    "xmin":0.4195917547,
    "ymin":0.1669151783,
    "xmax":0.4989423156,
    "ymax":0.2463250458,
    "confidence":0.7387664914,
    "class":2.0
  },
  "23":{
    "frame":120,
    "object":1,
    "xmin":0.1382578015,
    "ymin":0.2744307518,
    "xmax":0.49333781,
    "ymax":0.7559828758,
    "confidence":0.9268349409,
    "class":2.0
  },
  "24":{
    "frame":120,
    "object":2,
    "xmin":0.5289828181,
    "ymin":0.2425902933,
    "xmax":0.8213508725,
    "ymax":0.4956229627,
    "confidence":0.9157227278,
    "class":2.0
  },
  "25":{
    "frame":120,
    "object":3,
    "xmin":0.4557100832,
    "ymin":0.1947062165,
    "xmax":0.5962054729,
    "ymax":0.3147072792,
    "confidence":0.8767638206,
    "class":2.0
  },
  "26":{
    "frame":120,
    "object":4,
    "xmin":0.4195476174,
    "ymin":0.1669743657,
    "xmax":0.4990019202,
    "ymax":0.2466742396,
    "confidence":0.7355499864,
    "class":2.0
  },
  "27":{
    "frame":140,
    "object":1,
    "xmin":0.1384985745,
    "ymin":0.2736874819,
    "xmax":0.4934495091,
    "ymax":0.7561719418,
    "confidence":0.9281487465,
    "class":2.0
  },
  "28":{
    "frame":140,
    "object":2,
    "xmin":0.5290493369,
    "ymin":0.2425521463,
    "xmax":0.8213148117,
    "ymax":0.4955745637,
    "confidence":0.9157576561,
    "class":2.0
  },
  "29":{
    "frame":140,
    "object":3,
    "xmin":0.4558418393,
    "ymin":0.1944975108,
    "xmax":0.5963898897,
    "ymax":0.3146871328,
    "confidence":0.8761464953,
    "class":2.0
  },
  "30":{
    "frame":140,
    "object":4,
    "xmin":0.419622004,
    "ymin":0.166959554,
    "xmax":0.4988702238,
    "ymax":0.2465576977,
    "confidence":0.7401727438,
    "class":2.0
  },
  "31":{
    "frame":160,
    "object":1,
    "xmin":0.1385519803,
    "ymin":0.2724921405,
    "xmax":0.4934572279,
    "ymax":0.7555550337,
    "confidence":0.9265025258,
    "class":2.0
  },
  "32":{
    "frame":160,
    "object":2,
    "xmin":0.5290827751,
    "ymin":0.2427640706,
    "xmax":0.8209511042,
    "ymax":0.4956190884,
    "confidence":0.9171324968,
    "class":2.0
  },
  "33":{
    "frame":160,
    "object":3,
    "xmin":0.4559326172,
    "ymin":0.194314912,
    "xmax":0.5965923071,
    "ymax":0.3143879473,
    "confidence":0.8782793283,
    "class":2.0
  },
  "34":{
    "frame":160,
    "object":4,
    "xmin":0.4195253849,
    "ymin":0.1674623042,
    "xmax":0.4988752902,
    "ymax":0.2446555942,
    "confidence":0.7340117097,
    "class":2.0
  },
  "35":{
    "frame":180,
    "object":1,
    "xmin":0.1387523115,
    "ymin":0.2727026641,
    "xmax":0.4935553968,
    "ymax":0.7559568882,
    "confidence":0.9249171615,
    "class":2.0
  },
  "36":{
    "frame":180,
    "object":2,
    "xmin":0.5293653607,
    "ymin":0.2429973036,
    "xmax":0.8204948306,
    "ymax":0.4958589375,
    "confidence":0.9174976349,
    "class":2.0
  },
  "37":{
    "frame":180,
    "object":3,
    "xmin":0.45603019,
    "ymin":0.1941171438,
    "xmax":0.5967699885,
    "ymax":0.313757956,
    "confidence":0.8795460463,
    "class":2.0
  }
}